<?xml version="1.0" encoding="UTF-8"?>
<ProgramExecution>
 <SOPCSystem>
  <CompileID>0</CompileID>
  <DeviceFamily>UNKNOWN</DeviceFamily>
  <HDLLanguage></HDLLanguage>
  <Qsys>0</Qsys>
  <SOPCModule>
   <C>1</C>
   <ModuleType>non_altera_module</ModuleType>
   <SOPCInterface>
    <C>2</C>
    <InterfaceType>clock_end</InterfaceType>
    <SOPCInterfaceParameter>
     <C>3</C>
     <Name>clockRate</Name>
     <Value>50000000</Value>
    </SOPCInterfaceParameter>
    <SOPCInterfaceParameter>
     <C>4</C>
     <Name>externallyDriven</Name>
     <Value>false</Value>
    </SOPCInterfaceParameter>
    <SOPCInterfaceParameter>
     <C>5</C>
     <Name>ptfSchematicName</Name>
     <Value></Value>
    </SOPCInterfaceParameter>
    <SOPCPort>
     <C>6</C>
     <Direction>Input</Direction>
     <Role>clk</Role>
     <Width>1</Width>
    </SOPCPort>
   </SOPCInterface>
   <SOPCInterface>
    <C>7</C>
    <InterfaceType>reset_end</InterfaceType>
    <SOPCInterfaceParameter>
     <C>8</C>
     <Name>associatedClock</Name>
     <Value></Value>
    </SOPCInterfaceParameter>
    <SOPCInterfaceParameter>
     <C>9</C>
     <Name>synchronousEdges</Name>
     <Value>NONE</Value>
    </SOPCInterfaceParameter>
    <SOPCPort>
     <C>10</C>
     <Direction>Input</Direction>
     <Role>reset_n</Role>
     <Width>1</Width>
    </SOPCPort>
   </SOPCInterface>
   <SOPCInterface>
    <C>11</C>
    <InterfaceType>clock_start</InterfaceType>
    <SOPCInterfaceParameter>
     <C>12</C>
     <Name>associatedDirectClock</Name>
     <Value>clk_in</Value>
    </SOPCInterfaceParameter>
    <SOPCInterfaceParameter>
     <C>13</C>
     <Name>clockRate</Name>
     <Value>50000000</Value>
    </SOPCInterfaceParameter>
    <SOPCInterfaceParameter>
     <C>14</C>
     <Name>clockRateKnown</Name>
     <Value>true</Value>
    </SOPCInterfaceParameter>
    <SOPCInterfaceParameter>
     <C>15</C>
     <Name>externallyDriven</Name>
     <Value>true</Value>
    </SOPCInterfaceParameter>
    <SOPCInterfaceParameter>
     <C>16</C>
     <Name>ptfSchematicName</Name>
     <Value></Value>
    </SOPCInterfaceParameter>
    <SOPCPort>
     <C>17</C>
     <Direction>Output</Direction>
     <Role>clk</Role>
     <Width>1</Width>
    </SOPCPort>
   </SOPCInterface>
   <SOPCInterface>
    <C>18</C>
    <InterfaceType>reset_start</InterfaceType>
    <SOPCInterfaceParameter>
     <C>19</C>
     <Name>associatedClock</Name>
     <Value></Value>
    </SOPCInterfaceParameter>
    <SOPCInterfaceParameter>
     <C>20</C>
     <Name>associatedDirectReset</Name>
     <Value>clk_in_reset</Value>
    </SOPCInterfaceParameter>
    <SOPCInterfaceParameter>
     <C>21</C>
     <Name>associatedResetSinks</Name>
     <Value>clk_in_reset</Value>
    </SOPCInterfaceParameter>
    <SOPCInterfaceParameter>
     <C>22</C>
     <Name>synchronousEdges</Name>
     <Value>NONE</Value>
    </SOPCInterfaceParameter>
    <SOPCPort>
     <C>23</C>
     <Direction>Output</Direction>
     <Role>reset_n</Role>
     <Width>1</Width>
    </SOPCPort>
   </SOPCInterface>
  </SOPCModule>
  <SOPCModule>
   <C>24</C>
   <ModuleType>altera_avalon_new_sdram_controller</ModuleType>
   <SOPCModuleParameter>
    <C>25</C>
    <Name>TAC</Name>
    <Value>5.5</Value>
   </SOPCModuleParameter>
   <SOPCModuleParameter>
    <C>26</C>
    <Name>TRCD</Name>
    <Value>20.0</Value>
   </SOPCModuleParameter>
   <SOPCModuleParameter>
    <C>27</C>
    <Name>TRFC</Name>
    <Value>70.0</Value>
   </SOPCModuleParameter>
   <SOPCModuleParameter>
    <C>28</C>
    <Name>TRP</Name>
    <Value>20.0</Value>
   </SOPCModuleParameter>
   <SOPCModuleParameter>
    <C>29</C>
    <Name>TWR</Name>
    <Value>14.0</Value>
   </SOPCModuleParameter>
   <SOPCModuleParameter>
    <C>30</C>
    <Name>casLatency</Name>
    <Value>3</Value>
   </SOPCModuleParameter>
   <SOPCModuleParameter>
    <C>31</C>
    <Name>columnWidth</Name>
    <Value>8</Value>
   </SOPCModuleParameter>
   <SOPCModuleParameter>
    <C>32</C>
    <Name>dataWidth</Name>
    <Value>16</Value>
   </SOPCModuleParameter>
   <SOPCModuleParameter>
    <C>33</C>
    <Name>generateSimulationModel</Name>
    <Value>true</Value>
   </SOPCModuleParameter>
   <SOPCModuleParameter>
    <C>34</C>
    <Name>initRefreshCommands</Name>
    <Value>2</Value>
   </SOPCModuleParameter>
   <SOPCModuleParameter>
    <C>35</C>
    <Name>model</Name>
    <Value>single_Micron_MT48LC4M32B2_7_chip</Value>
   </SOPCModuleParameter>
   <SOPCModuleParameter>
    <C>36</C>
    <Name>numberOfBanks</Name>
    <Value>4</Value>
   </SOPCModuleParameter>
   <SOPCModuleParameter>
    <C>37</C>
    <Name>numberOfChipSelects</Name>
    <Value>1</Value>
   </SOPCModuleParameter>
   <SOPCModuleParameter>
    <C>38</C>
    <Name>pinsSharedViaTriState</Name>
    <Value>false</Value>
   </SOPCModuleParameter>
   <SOPCModuleParameter>
    <C>39</C>
    <Name>powerUpDelay</Name>
    <Value>100.0</Value>
   </SOPCModuleParameter>
   <SOPCModuleParameter>
    <C>40</C>
    <Name>refreshPeriod</Name>
    <Value>15.625</Value>
   </SOPCModuleParameter>
   <SOPCModuleParameter>
    <C>41</C>
    <Name>rowWidth</Name>
    <Value>12</Value>
   </SOPCModuleParameter>
   <SOPCModuleParameter>
    <C>42</C>
    <Name>masteredTristateBridgeSlave</Name>
    <Value>0</Value>
   </SOPCModuleParameter>
   <SOPCModuleParameter>
    <C>43</C>
    <Name>TMRD</Name>
    <Value>3</Value>
   </SOPCModuleParameter>
   <SOPCModuleParameter>
    <C>44</C>
    <Name>initNOPDelay</Name>
    <Value>0.0</Value>
   </SOPCModuleParameter>
   <SOPCModuleParameter>
    <C>45</C>
    <Name>registerDataIn</Name>
    <Value>true</Value>
   </SOPCModuleParameter>
   <SOPCModuleParameter>
    <C>46</C>
    <Name>clockRate</Name>
    <Value>50000000</Value>
   </SOPCModuleParameter>
   <SOPCModuleParameter>
    <C>47</C>
    <Name>componentName</Name>
    <Value>sdram_sdram</Value>
   </SOPCModuleParameter>
   <SOPCModuleParameter>
    <C>48</C>
    <Name>size</Name>
    <Value>8388608</Value>
   </SOPCModuleParameter>
   <SOPCModuleParameter>
    <C>49</C>
    <Name>addressWidth</Name>
    <Value>22</Value>
   </SOPCModuleParameter>
   <SOPCModuleParameter>
    <C>50</C>
    <Name>bankWidth</Name>
    <Value>2</Value>
   </SOPCModuleParameter>
  </SOPCModule>
  <SOPCModule>
   <C>51</C>
   <ModuleType>non_altera_module</ModuleType>
   <SOPCInterface>
    <C>52</C>
    <InterfaceType>clock_end</InterfaceType>
    <SOPCInterfaceParameter>
     <C>53</C>
     <Name>clockRate</Name>
     <Value>0</Value>
    </SOPCInterfaceParameter>
    <SOPCInterfaceParameter>
     <C>54</C>
     <Name>externallyDriven</Name>
     <Value>false</Value>
    </SOPCInterfaceParameter>
    <SOPCInterfaceParameter>
     <C>55</C>
     <Name>ptfSchematicName</Name>
     <Value></Value>
    </SOPCInterfaceParameter>
    <SOPCPort>
     <C>56</C>
     <Direction>Input</Direction>
     <Role>clk</Role>
     <Width>1</Width>
    </SOPCPort>
   </SOPCInterface>
   <SOPCInterface>
    <C>57</C>
    <InterfaceType>reset_end</InterfaceType>
    <SOPCInterfaceParameter>
     <C>58</C>
     <Name>associatedClock</Name>
     <Value>clock</Value>
    </SOPCInterfaceParameter>
    <SOPCInterfaceParameter>
     <C>59</C>
     <Name>synchronousEdges</Name>
     <Value>DEASSERT</Value>
    </SOPCInterfaceParameter>
    <SOPCPort>
     <C>60</C>
     <Direction>Input</Direction>
     <Role>reset_n</Role>
     <Width>1</Width>
    </SOPCPort>
   </SOPCInterface>
   <SOPCInterface>
    <C>61</C>
    <InterfaceType>conduit_end</InterfaceType>
    <SOPCInterfaceParameter>
     <C>62</C>
     <Name>associatedClock</Name>
     <Value>clock</Value>
    </SOPCInterfaceParameter>
    <SOPCInterfaceParameter>
     <C>63</C>
     <Name>associatedReset</Name>
     <Value>reset</Value>
    </SOPCInterfaceParameter>
    <SOPCPort>
     <C>64</C>
     <Direction>Input</Direction>
     <Role>export</Role>
     <Width>1</Width>
    </SOPCPort>
    <SOPCPort>
     <C>65</C>
     <Direction>Output</Direction>
     <Role>export</Role>
     <Width>16</Width>
    </SOPCPort>
    <SOPCPort>
     <C>66</C>
     <Direction>Input</Direction>
     <Role>export</Role>
     <Width>32</Width>
    </SOPCPort>
    <SOPCPort>
     <C>67</C>
     <Direction>Output</Direction>
     <Role>export</Role>
     <Width>1</Width>
    </SOPCPort>
    <SOPCPort>
     <C>68</C>
     <Direction>Output</Direction>
     <Role>export</Role>
     <Width>1</Width>
    </SOPCPort>
   </SOPCInterface>
   <SOPCInterface>
    <C>69</C>
    <InterfaceType>avalon_start</InterfaceType>
    <SOPCInterfaceParameter>
     <C>70</C>
     <Name>adaptsTo</Name>
     <Value></Value>
    </SOPCInterfaceParameter>
    <SOPCInterfaceParameter>
     <C>71</C>
     <Name>addressGroup</Name>
     <Value>0</Value>
    </SOPCInterfaceParameter>
    <SOPCInterfaceParameter>
     <C>72</C>
     <Name>addressUnits</Name>
     <Value>SYMBOLS</Value>
    </SOPCInterfaceParameter>
    <SOPCInterfaceParameter>
     <C>73</C>
     <Name>alwaysBurstMaxBurst</Name>
     <Value>false</Value>
    </SOPCInterfaceParameter>
    <SOPCInterfaceParameter>
     <C>74</C>
     <Name>associatedClock</Name>
     <Value>clock</Value>
    </SOPCInterfaceParameter>
    <SOPCInterfaceParameter>
     <C>75</C>
     <Name>associatedReset</Name>
     <Value>reset</Value>
    </SOPCInterfaceParameter>
    <SOPCInterfaceParameter>
     <C>76</C>
     <Name>bitsPerSymbol</Name>
     <Value>8</Value>
    </SOPCInterfaceParameter>
    <SOPCInterfaceParameter>
     <C>77</C>
     <Name>burstOnBurstBoundariesOnly</Name>
     <Value>false</Value>
    </SOPCInterfaceParameter>
    <SOPCInterfaceParameter>
     <C>78</C>
     <Name>burstcountUnits</Name>
     <Value>WORDS</Value>
    </SOPCInterfaceParameter>
    <SOPCInterfaceParameter>
     <C>79</C>
     <Name>constantBurstBehavior</Name>
     <Value>false</Value>
    </SOPCInterfaceParameter>
    <SOPCInterfaceParameter>
     <C>80</C>
     <Name>dBSBigEndian</Name>
     <Value>false</Value>
    </SOPCInterfaceParameter>
    <SOPCInterfaceParameter>
     <C>81</C>
     <Name>doStreamReads</Name>
     <Value>false</Value>
    </SOPCInterfaceParameter>
    <SOPCInterfaceParameter>
     <C>82</C>
     <Name>doStreamWrites</Name>
     <Value>false</Value>
    </SOPCInterfaceParameter>
    <SOPCInterfaceParameter>
     <C>83</C>
     <Name>holdTime</Name>
     <Value>0</Value>
    </SOPCInterfaceParameter>
    <SOPCInterfaceParameter>
     <C>84</C>
     <Name>interleaveBursts</Name>
     <Value>false</Value>
    </SOPCInterfaceParameter>
    <SOPCInterfaceParameter>
     <C>85</C>
     <Name>isAsynchronous</Name>
     <Value>false</Value>
    </SOPCInterfaceParameter>
    <SOPCInterfaceParameter>
     <C>86</C>
     <Name>isBigEndian</Name>
     <Value>false</Value>
    </SOPCInterfaceParameter>
    <SOPCInterfaceParameter>
     <C>87</C>
     <Name>isReadable</Name>
     <Value>false</Value>
    </SOPCInterfaceParameter>
    <SOPCInterfaceParameter>
     <C>88</C>
     <Name>isWriteable</Name>
     <Value>false</Value>
    </SOPCInterfaceParameter>
    <SOPCInterfaceParameter>
     <C>89</C>
     <Name>linewrapBursts</Name>
     <Value>false</Value>
    </SOPCInterfaceParameter>
    <SOPCInterfaceParameter>
     <C>90</C>
     <Name>maxAddressWidth</Name>
     <Value>32</Value>
    </SOPCInterfaceParameter>
    <SOPCInterfaceParameter>
     <C>91</C>
     <Name>maximumPendingReadTransactions</Name>
     <Value>0</Value>
    </SOPCInterfaceParameter>
    <SOPCInterfaceParameter>
     <C>92</C>
     <Name>maximumPendingWriteTransactions</Name>
     <Value>0</Value>
    </SOPCInterfaceParameter>
    <SOPCInterfaceParameter>
     <C>93</C>
     <Name>readLatency</Name>
     <Value>0</Value>
    </SOPCInterfaceParameter>
    <SOPCInterfaceParameter>
     <C>94</C>
     <Name>readWaitTime</Name>
     <Value>1</Value>
    </SOPCInterfaceParameter>
    <SOPCInterfaceParameter>
     <C>95</C>
     <Name>registerIncomingSignals</Name>
     <Value>false</Value>
    </SOPCInterfaceParameter>
    <SOPCInterfaceParameter>
     <C>96</C>
     <Name>registerOutgoingSignals</Name>
     <Value>false</Value>
    </SOPCInterfaceParameter>
    <SOPCInterfaceParameter>
     <C>97</C>
     <Name>setupTime</Name>
     <Value>0</Value>
    </SOPCInterfaceParameter>
    <SOPCInterfaceParameter>
     <C>98</C>
     <Name>timingUnits</Name>
     <Value>Cycles</Value>
    </SOPCInterfaceParameter>
    <SOPCInterfaceParameter>
     <C>99</C>
     <Name>writeWaitTime</Name>
     <Value>0</Value>
    </SOPCInterfaceParameter>
    <SOPCPort>
     <C>100</C>
     <Direction>Input</Direction>
     <Role>waitrequest</Role>
     <Width>1</Width>
    </SOPCPort>
    <SOPCPort>
     <C>101</C>
     <Direction>Input</Direction>
     <Role>readdata</Role>
     <Width>16</Width>
    </SOPCPort>
    <SOPCPort>
     <C>102</C>
     <Direction>Input</Direction>
     <Role>readdatavalid</Role>
     <Width>1</Width>
    </SOPCPort>
    <SOPCPort>
     <C>103</C>
     <Direction>Output</Direction>
     <Role>address</Role>
     <Width>32</Width>
    </SOPCPort>
    <SOPCPort>
     <C>104</C>
     <Direction>Output</Direction>
     <Role>byteenable</Role>
     <Width>2</Width>
    </SOPCPort>
    <SOPCPort>
     <C>105</C>
     <Direction>Output</Direction>
     <Role>read</Role>
     <Width>1</Width>
    </SOPCPort>
   </SOPCInterface>
  </SOPCModule>
  <SOPCModule>
   <C>106</C>
   <ModuleType>non_altera_module</ModuleType>
   <SOPCInterface>
    <C>107</C>
    <InterfaceType>clock_end</InterfaceType>
    <SOPCInterfaceParameter>
     <C>108</C>
     <Name>clockRate</Name>
     <Value>0</Value>
    </SOPCInterfaceParameter>
    <SOPCInterfaceParameter>
     <C>109</C>
     <Name>externallyDriven</Name>
     <Value>false</Value>
    </SOPCInterfaceParameter>
    <SOPCInterfaceParameter>
     <C>110</C>
     <Name>ptfSchematicName</Name>
     <Value></Value>
    </SOPCInterfaceParameter>
    <SOPCPort>
     <C>111</C>
     <Direction>Input</Direction>
     <Role>clk</Role>
     <Width>1</Width>
    </SOPCPort>
   </SOPCInterface>
   <SOPCInterface>
    <C>112</C>
    <InterfaceType>reset_end</InterfaceType>
    <SOPCInterfaceParameter>
     <C>113</C>
     <Name>associatedClock</Name>
     <Value>clock</Value>
    </SOPCInterfaceParameter>
    <SOPCInterfaceParameter>
     <C>114</C>
     <Name>synchronousEdges</Name>
     <Value>DEASSERT</Value>
    </SOPCInterfaceParameter>
    <SOPCPort>
     <C>115</C>
     <Direction>Input</Direction>
     <Role>reset_n</Role>
     <Width>1</Width>
    </SOPCPort>
   </SOPCInterface>
   <SOPCInterface>
    <C>116</C>
    <InterfaceType>conduit_end</InterfaceType>
    <SOPCInterfaceParameter>
     <C>117</C>
     <Name>associatedClock</Name>
     <Value>clock</Value>
    </SOPCInterfaceParameter>
    <SOPCInterfaceParameter>
     <C>118</C>
     <Name>associatedReset</Name>
     <Value>reset</Value>
    </SOPCInterfaceParameter>
    <SOPCPort>
     <C>119</C>
     <Direction>Input</Direction>
     <Role>export</Role>
     <Width>1</Width>
    </SOPCPort>
    <SOPCPort>
     <C>120</C>
     <Direction>Input</Direction>
     <Role>export</Role>
     <Width>16</Width>
    </SOPCPort>
    <SOPCPort>
     <C>121</C>
     <Direction>Input</Direction>
     <Role>export</Role>
     <Width>32</Width>
    </SOPCPort>
    <SOPCPort>
     <C>122</C>
     <Direction>Output</Direction>
     <Role>export</Role>
     <Width>1</Width>
    </SOPCPort>
   </SOPCInterface>
   <SOPCInterface>
    <C>123</C>
    <InterfaceType>avalon_start</InterfaceType>
    <SOPCInterfaceParameter>
     <C>124</C>
     <Name>adaptsTo</Name>
     <Value></Value>
    </SOPCInterfaceParameter>
    <SOPCInterfaceParameter>
     <C>125</C>
     <Name>addressGroup</Name>
     <Value>0</Value>
    </SOPCInterfaceParameter>
    <SOPCInterfaceParameter>
     <C>126</C>
     <Name>addressUnits</Name>
     <Value>SYMBOLS</Value>
    </SOPCInterfaceParameter>
    <SOPCInterfaceParameter>
     <C>127</C>
     <Name>alwaysBurstMaxBurst</Name>
     <Value>false</Value>
    </SOPCInterfaceParameter>
    <SOPCInterfaceParameter>
     <C>128</C>
     <Name>associatedClock</Name>
     <Value>clock</Value>
    </SOPCInterfaceParameter>
    <SOPCInterfaceParameter>
     <C>129</C>
     <Name>associatedReset</Name>
     <Value>reset</Value>
    </SOPCInterfaceParameter>
    <SOPCInterfaceParameter>
     <C>130</C>
     <Name>bitsPerSymbol</Name>
     <Value>8</Value>
    </SOPCInterfaceParameter>
    <SOPCInterfaceParameter>
     <C>131</C>
     <Name>burstOnBurstBoundariesOnly</Name>
     <Value>false</Value>
    </SOPCInterfaceParameter>
    <SOPCInterfaceParameter>
     <C>132</C>
     <Name>burstcountUnits</Name>
     <Value>WORDS</Value>
    </SOPCInterfaceParameter>
    <SOPCInterfaceParameter>
     <C>133</C>
     <Name>constantBurstBehavior</Name>
     <Value>false</Value>
    </SOPCInterfaceParameter>
    <SOPCInterfaceParameter>
     <C>134</C>
     <Name>dBSBigEndian</Name>
     <Value>false</Value>
    </SOPCInterfaceParameter>
    <SOPCInterfaceParameter>
     <C>135</C>
     <Name>doStreamReads</Name>
     <Value>false</Value>
    </SOPCInterfaceParameter>
    <SOPCInterfaceParameter>
     <C>136</C>
     <Name>doStreamWrites</Name>
     <Value>false</Value>
    </SOPCInterfaceParameter>
    <SOPCInterfaceParameter>
     <C>137</C>
     <Name>holdTime</Name>
     <Value>0</Value>
    </SOPCInterfaceParameter>
    <SOPCInterfaceParameter>
     <C>138</C>
     <Name>interleaveBursts</Name>
     <Value>false</Value>
    </SOPCInterfaceParameter>
    <SOPCInterfaceParameter>
     <C>139</C>
     <Name>isAsynchronous</Name>
     <Value>false</Value>
    </SOPCInterfaceParameter>
    <SOPCInterfaceParameter>
     <C>140</C>
     <Name>isBigEndian</Name>
     <Value>false</Value>
    </SOPCInterfaceParameter>
    <SOPCInterfaceParameter>
     <C>141</C>
     <Name>isReadable</Name>
     <Value>false</Value>
    </SOPCInterfaceParameter>
    <SOPCInterfaceParameter>
     <C>142</C>
     <Name>isWriteable</Name>
     <Value>false</Value>
    </SOPCInterfaceParameter>
    <SOPCInterfaceParameter>
     <C>143</C>
     <Name>linewrapBursts</Name>
     <Value>false</Value>
    </SOPCInterfaceParameter>
    <SOPCInterfaceParameter>
     <C>144</C>
     <Name>maxAddressWidth</Name>
     <Value>32</Value>
    </SOPCInterfaceParameter>
    <SOPCInterfaceParameter>
     <C>145</C>
     <Name>maximumPendingReadTransactions</Name>
     <Value>0</Value>
    </SOPCInterfaceParameter>
    <SOPCInterfaceParameter>
     <C>146</C>
     <Name>maximumPendingWriteTransactions</Name>
     <Value>0</Value>
    </SOPCInterfaceParameter>
    <SOPCInterfaceParameter>
     <C>147</C>
     <Name>readLatency</Name>
     <Value>0</Value>
    </SOPCInterfaceParameter>
    <SOPCInterfaceParameter>
     <C>148</C>
     <Name>readWaitTime</Name>
     <Value>1</Value>
    </SOPCInterfaceParameter>
    <SOPCInterfaceParameter>
     <C>149</C>
     <Name>registerIncomingSignals</Name>
     <Value>false</Value>
    </SOPCInterfaceParameter>
    <SOPCInterfaceParameter>
     <C>150</C>
     <Name>registerOutgoingSignals</Name>
     <Value>false</Value>
    </SOPCInterfaceParameter>
    <SOPCInterfaceParameter>
     <C>151</C>
     <Name>setupTime</Name>
     <Value>0</Value>
    </SOPCInterfaceParameter>
    <SOPCInterfaceParameter>
     <C>152</C>
     <Name>timingUnits</Name>
     <Value>Cycles</Value>
    </SOPCInterfaceParameter>
    <SOPCInterfaceParameter>
     <C>153</C>
     <Name>writeWaitTime</Name>
     <Value>0</Value>
    </SOPCInterfaceParameter>
    <SOPCPort>
     <C>154</C>
     <Direction>Input</Direction>
     <Role>waitrequest</Role>
     <Width>1</Width>
    </SOPCPort>
    <SOPCPort>
     <C>155</C>
     <Direction>Output</Direction>
     <Role>address</Role>
     <Width>32</Width>
    </SOPCPort>
    <SOPCPort>
     <C>156</C>
     <Direction>Output</Direction>
     <Role>byteenable</Role>
     <Width>2</Width>
    </SOPCPort>
    <SOPCPort>
     <C>157</C>
     <Direction>Output</Direction>
     <Role>write</Role>
     <Width>1</Width>
    </SOPCPort>
    <SOPCPort>
     <C>158</C>
     <Direction>Output</Direction>
     <Role>writedata</Role>
     <Width>16</Width>
    </SOPCPort>
    <SOPCPort>
     <C>159</C>
     <Direction>Output</Direction>
     <Role>burstcount</Role>
     <Width>8</Width>
    </SOPCPort>
   </SOPCInterface>
  </SOPCModule>
  <SOPCModule>
   <C>160</C>
   <ModuleType>non_altera_module</ModuleType>
   <SOPCInterface>
    <C>161</C>
    <InterfaceType>clock_end</InterfaceType>
    <SOPCInterfaceParameter>
     <C>162</C>
     <Name>clockRate</Name>
     <Value>0</Value>
    </SOPCInterfaceParameter>
    <SOPCInterfaceParameter>
     <C>163</C>
     <Name>externallyDriven</Name>
     <Value>false</Value>
    </SOPCInterfaceParameter>
    <SOPCInterfaceParameter>
     <C>164</C>
     <Name>ptfSchematicName</Name>
     <Value></Value>
    </SOPCInterfaceParameter>
    <SOPCPort>
     <C>165</C>
     <Direction>Input</Direction>
     <Role>clk</Role>
     <Width>1</Width>
    </SOPCPort>
   </SOPCInterface>
   <SOPCInterface>
    <C>166</C>
    <InterfaceType>reset_end</InterfaceType>
    <SOPCInterfaceParameter>
     <C>167</C>
     <Name>associatedClock</Name>
     <Value>clock</Value>
    </SOPCInterfaceParameter>
    <SOPCInterfaceParameter>
     <C>168</C>
     <Name>synchronousEdges</Name>
     <Value>DEASSERT</Value>
    </SOPCInterfaceParameter>
    <SOPCPort>
     <C>169</C>
     <Direction>Input</Direction>
     <Role>reset_n</Role>
     <Width>1</Width>
    </SOPCPort>
   </SOPCInterface>
   <SOPCInterface>
    <C>170</C>
    <InterfaceType>conduit_end</InterfaceType>
    <SOPCInterfaceParameter>
     <C>171</C>
     <Name>associatedClock</Name>
     <Value>clock</Value>
    </SOPCInterfaceParameter>
    <SOPCInterfaceParameter>
     <C>172</C>
     <Name>associatedReset</Name>
     <Value>reset</Value>
    </SOPCInterfaceParameter>
    <SOPCPort>
     <C>173</C>
     <Direction>Input</Direction>
     <Role>export</Role>
     <Width>1</Width>
    </SOPCPort>
    <SOPCPort>
     <C>174</C>
     <Direction>Input</Direction>
     <Role>export</Role>
     <Width>16</Width>
    </SOPCPort>
    <SOPCPort>
     <C>175</C>
     <Direction>Input</Direction>
     <Role>export</Role>
     <Width>32</Width>
    </SOPCPort>
    <SOPCPort>
     <C>176</C>
     <Direction>Output</Direction>
     <Role>export</Role>
     <Width>1</Width>
    </SOPCPort>
   </SOPCInterface>
   <SOPCInterface>
    <C>177</C>
    <InterfaceType>avalon_start</InterfaceType>
    <SOPCInterfaceParameter>
     <C>178</C>
     <Name>adaptsTo</Name>
     <Value></Value>
    </SOPCInterfaceParameter>
    <SOPCInterfaceParameter>
     <C>179</C>
     <Name>addressGroup</Name>
     <Value>0</Value>
    </SOPCInterfaceParameter>
    <SOPCInterfaceParameter>
     <C>180</C>
     <Name>addressUnits</Name>
     <Value>SYMBOLS</Value>
    </SOPCInterfaceParameter>
    <SOPCInterfaceParameter>
     <C>181</C>
     <Name>alwaysBurstMaxBurst</Name>
     <Value>false</Value>
    </SOPCInterfaceParameter>
    <SOPCInterfaceParameter>
     <C>182</C>
     <Name>associatedClock</Name>
     <Value>clock</Value>
    </SOPCInterfaceParameter>
    <SOPCInterfaceParameter>
     <C>183</C>
     <Name>associatedReset</Name>
     <Value>reset</Value>
    </SOPCInterfaceParameter>
    <SOPCInterfaceParameter>
     <C>184</C>
     <Name>bitsPerSymbol</Name>
     <Value>8</Value>
    </SOPCInterfaceParameter>
    <SOPCInterfaceParameter>
     <C>185</C>
     <Name>burstOnBurstBoundariesOnly</Name>
     <Value>false</Value>
    </SOPCInterfaceParameter>
    <SOPCInterfaceParameter>
     <C>186</C>
     <Name>burstcountUnits</Name>
     <Value>WORDS</Value>
    </SOPCInterfaceParameter>
    <SOPCInterfaceParameter>
     <C>187</C>
     <Name>constantBurstBehavior</Name>
     <Value>false</Value>
    </SOPCInterfaceParameter>
    <SOPCInterfaceParameter>
     <C>188</C>
     <Name>dBSBigEndian</Name>
     <Value>false</Value>
    </SOPCInterfaceParameter>
    <SOPCInterfaceParameter>
     <C>189</C>
     <Name>doStreamReads</Name>
     <Value>false</Value>
    </SOPCInterfaceParameter>
    <SOPCInterfaceParameter>
     <C>190</C>
     <Name>doStreamWrites</Name>
     <Value>false</Value>
    </SOPCInterfaceParameter>
    <SOPCInterfaceParameter>
     <C>191</C>
     <Name>holdTime</Name>
     <Value>0</Value>
    </SOPCInterfaceParameter>
    <SOPCInterfaceParameter>
     <C>192</C>
     <Name>interleaveBursts</Name>
     <Value>false</Value>
    </SOPCInterfaceParameter>
    <SOPCInterfaceParameter>
     <C>193</C>
     <Name>isAsynchronous</Name>
     <Value>false</Value>
    </SOPCInterfaceParameter>
    <SOPCInterfaceParameter>
     <C>194</C>
     <Name>isBigEndian</Name>
     <Value>false</Value>
    </SOPCInterfaceParameter>
    <SOPCInterfaceParameter>
     <C>195</C>
     <Name>isReadable</Name>
     <Value>false</Value>
    </SOPCInterfaceParameter>
    <SOPCInterfaceParameter>
     <C>196</C>
     <Name>isWriteable</Name>
     <Value>false</Value>
    </SOPCInterfaceParameter>
    <SOPCInterfaceParameter>
     <C>197</C>
     <Name>linewrapBursts</Name>
     <Value>false</Value>
    </SOPCInterfaceParameter>
    <SOPCInterfaceParameter>
     <C>198</C>
     <Name>maxAddressWidth</Name>
     <Value>32</Value>
    </SOPCInterfaceParameter>
    <SOPCInterfaceParameter>
     <C>199</C>
     <Name>maximumPendingReadTransactions</Name>
     <Value>0</Value>
    </SOPCInterfaceParameter>
    <SOPCInterfaceParameter>
     <C>200</C>
     <Name>maximumPendingWriteTransactions</Name>
     <Value>0</Value>
    </SOPCInterfaceParameter>
    <SOPCInterfaceParameter>
     <C>201</C>
     <Name>readLatency</Name>
     <Value>0</Value>
    </SOPCInterfaceParameter>
    <SOPCInterfaceParameter>
     <C>202</C>
     <Name>readWaitTime</Name>
     <Value>1</Value>
    </SOPCInterfaceParameter>
    <SOPCInterfaceParameter>
     <C>203</C>
     <Name>registerIncomingSignals</Name>
     <Value>false</Value>
    </SOPCInterfaceParameter>
    <SOPCInterfaceParameter>
     <C>204</C>
     <Name>registerOutgoingSignals</Name>
     <Value>false</Value>
    </SOPCInterfaceParameter>
    <SOPCInterfaceParameter>
     <C>205</C>
     <Name>setupTime</Name>
     <Value>0</Value>
    </SOPCInterfaceParameter>
    <SOPCInterfaceParameter>
     <C>206</C>
     <Name>timingUnits</Name>
     <Value>Cycles</Value>
    </SOPCInterfaceParameter>
    <SOPCInterfaceParameter>
     <C>207</C>
     <Name>writeWaitTime</Name>
     <Value>0</Value>
    </SOPCInterfaceParameter>
    <SOPCPort>
     <C>208</C>
     <Direction>Input</Direction>
     <Role>waitrequest</Role>
     <Width>1</Width>
    </SOPCPort>
    <SOPCPort>
     <C>209</C>
     <Direction>Output</Direction>
     <Role>address</Role>
     <Width>32</Width>
    </SOPCPort>
    <SOPCPort>
     <C>210</C>
     <Direction>Output</Direction>
     <Role>byteenable</Role>
     <Width>2</Width>
    </SOPCPort>
    <SOPCPort>
     <C>211</C>
     <Direction>Output</Direction>
     <Role>write</Role>
     <Width>1</Width>
    </SOPCPort>
    <SOPCPort>
     <C>212</C>
     <Direction>Output</Direction>
     <Role>writedata</Role>
     <Width>16</Width>
    </SOPCPort>
    <SOPCPort>
     <C>213</C>
     <Direction>Output</Direction>
     <Role>burstcount</Role>
     <Width>8</Width>
    </SOPCPort>
   </SOPCInterface>
  </SOPCModule>
  <SOPCModule>
   <C>214</C>
   <ModuleType>non_altera_module</ModuleType>
   <SOPCInterface>
    <C>215</C>
    <InterfaceType>clock_end</InterfaceType>
    <SOPCInterfaceParameter>
     <C>216</C>
     <Name>clockRate</Name>
     <Value>0</Value>
    </SOPCInterfaceParameter>
    <SOPCInterfaceParameter>
     <C>217</C>
     <Name>externallyDriven</Name>
     <Value>false</Value>
    </SOPCInterfaceParameter>
    <SOPCInterfaceParameter>
     <C>218</C>
     <Name>ptfSchematicName</Name>
     <Value></Value>
    </SOPCInterfaceParameter>
    <SOPCPort>
     <C>219</C>
     <Direction>Input</Direction>
     <Role>clk</Role>
     <Width>1</Width>
    </SOPCPort>
   </SOPCInterface>
   <SOPCInterface>
    <C>220</C>
    <InterfaceType>reset_end</InterfaceType>
    <SOPCInterfaceParameter>
     <C>221</C>
     <Name>associatedClock</Name>
     <Value>clock</Value>
    </SOPCInterfaceParameter>
    <SOPCInterfaceParameter>
     <C>222</C>
     <Name>synchronousEdges</Name>
     <Value>DEASSERT</Value>
    </SOPCInterfaceParameter>
    <SOPCPort>
     <C>223</C>
     <Direction>Input</Direction>
     <Role>reset_n</Role>
     <Width>1</Width>
    </SOPCPort>
   </SOPCInterface>
   <SOPCInterface>
    <C>224</C>
    <InterfaceType>conduit_end</InterfaceType>
    <SOPCInterfaceParameter>
     <C>225</C>
     <Name>associatedClock</Name>
     <Value>clock</Value>
    </SOPCInterfaceParameter>
    <SOPCInterfaceParameter>
     <C>226</C>
     <Name>associatedReset</Name>
     <Value>reset</Value>
    </SOPCInterfaceParameter>
    <SOPCPort>
     <C>227</C>
     <Direction>Input</Direction>
     <Role>export</Role>
     <Width>1</Width>
    </SOPCPort>
    <SOPCPort>
     <C>228</C>
     <Direction>Input</Direction>
     <Role>export</Role>
     <Width>16</Width>
    </SOPCPort>
    <SOPCPort>
     <C>229</C>
     <Direction>Input</Direction>
     <Role>export</Role>
     <Width>32</Width>
    </SOPCPort>
    <SOPCPort>
     <C>230</C>
     <Direction>Output</Direction>
     <Role>export</Role>
     <Width>1</Width>
    </SOPCPort>
   </SOPCInterface>
   <SOPCInterface>
    <C>231</C>
    <InterfaceType>avalon_start</InterfaceType>
    <SOPCInterfaceParameter>
     <C>232</C>
     <Name>adaptsTo</Name>
     <Value></Value>
    </SOPCInterfaceParameter>
    <SOPCInterfaceParameter>
     <C>233</C>
     <Name>addressGroup</Name>
     <Value>0</Value>
    </SOPCInterfaceParameter>
    <SOPCInterfaceParameter>
     <C>234</C>
     <Name>addressUnits</Name>
     <Value>SYMBOLS</Value>
    </SOPCInterfaceParameter>
    <SOPCInterfaceParameter>
     <C>235</C>
     <Name>alwaysBurstMaxBurst</Name>
     <Value>false</Value>
    </SOPCInterfaceParameter>
    <SOPCInterfaceParameter>
     <C>236</C>
     <Name>associatedClock</Name>
     <Value>clock</Value>
    </SOPCInterfaceParameter>
    <SOPCInterfaceParameter>
     <C>237</C>
     <Name>associatedReset</Name>
     <Value>reset</Value>
    </SOPCInterfaceParameter>
    <SOPCInterfaceParameter>
     <C>238</C>
     <Name>bitsPerSymbol</Name>
     <Value>8</Value>
    </SOPCInterfaceParameter>
    <SOPCInterfaceParameter>
     <C>239</C>
     <Name>burstOnBurstBoundariesOnly</Name>
     <Value>false</Value>
    </SOPCInterfaceParameter>
    <SOPCInterfaceParameter>
     <C>240</C>
     <Name>burstcountUnits</Name>
     <Value>WORDS</Value>
    </SOPCInterfaceParameter>
    <SOPCInterfaceParameter>
     <C>241</C>
     <Name>constantBurstBehavior</Name>
     <Value>false</Value>
    </SOPCInterfaceParameter>
    <SOPCInterfaceParameter>
     <C>242</C>
     <Name>dBSBigEndian</Name>
     <Value>false</Value>
    </SOPCInterfaceParameter>
    <SOPCInterfaceParameter>
     <C>243</C>
     <Name>doStreamReads</Name>
     <Value>false</Value>
    </SOPCInterfaceParameter>
    <SOPCInterfaceParameter>
     <C>244</C>
     <Name>doStreamWrites</Name>
     <Value>false</Value>
    </SOPCInterfaceParameter>
    <SOPCInterfaceParameter>
     <C>245</C>
     <Name>holdTime</Name>
     <Value>0</Value>
    </SOPCInterfaceParameter>
    <SOPCInterfaceParameter>
     <C>246</C>
     <Name>interleaveBursts</Name>
     <Value>false</Value>
    </SOPCInterfaceParameter>
    <SOPCInterfaceParameter>
     <C>247</C>
     <Name>isAsynchronous</Name>
     <Value>false</Value>
    </SOPCInterfaceParameter>
    <SOPCInterfaceParameter>
     <C>248</C>
     <Name>isBigEndian</Name>
     <Value>false</Value>
    </SOPCInterfaceParameter>
    <SOPCInterfaceParameter>
     <C>249</C>
     <Name>isReadable</Name>
     <Value>false</Value>
    </SOPCInterfaceParameter>
    <SOPCInterfaceParameter>
     <C>250</C>
     <Name>isWriteable</Name>
     <Value>false</Value>
    </SOPCInterfaceParameter>
    <SOPCInterfaceParameter>
     <C>251</C>
     <Name>linewrapBursts</Name>
     <Value>false</Value>
    </SOPCInterfaceParameter>
    <SOPCInterfaceParameter>
     <C>252</C>
     <Name>maxAddressWidth</Name>
     <Value>32</Value>
    </SOPCInterfaceParameter>
    <SOPCInterfaceParameter>
     <C>253</C>
     <Name>maximumPendingReadTransactions</Name>
     <Value>0</Value>
    </SOPCInterfaceParameter>
    <SOPCInterfaceParameter>
     <C>254</C>
     <Name>maximumPendingWriteTransactions</Name>
     <Value>0</Value>
    </SOPCInterfaceParameter>
    <SOPCInterfaceParameter>
     <C>255</C>
     <Name>readLatency</Name>
     <Value>0</Value>
    </SOPCInterfaceParameter>
    <SOPCInterfaceParameter>
     <C>256</C>
     <Name>readWaitTime</Name>
     <Value>1</Value>
    </SOPCInterfaceParameter>
    <SOPCInterfaceParameter>
     <C>257</C>
     <Name>registerIncomingSignals</Name>
     <Value>false</Value>
    </SOPCInterfaceParameter>
    <SOPCInterfaceParameter>
     <C>258</C>
     <Name>registerOutgoingSignals</Name>
     <Value>false</Value>
    </SOPCInterfaceParameter>
    <SOPCInterfaceParameter>
     <C>259</C>
     <Name>setupTime</Name>
     <Value>0</Value>
    </SOPCInterfaceParameter>
    <SOPCInterfaceParameter>
     <C>260</C>
     <Name>timingUnits</Name>
     <Value>Cycles</Value>
    </SOPCInterfaceParameter>
    <SOPCInterfaceParameter>
     <C>261</C>
     <Name>writeWaitTime</Name>
     <Value>0</Value>
    </SOPCInterfaceParameter>
    <SOPCPort>
     <C>262</C>
     <Direction>Input</Direction>
     <Role>waitrequest</Role>
     <Width>1</Width>
    </SOPCPort>
    <SOPCPort>
     <C>263</C>
     <Direction>Output</Direction>
     <Role>address</Role>
     <Width>32</Width>
    </SOPCPort>
    <SOPCPort>
     <C>264</C>
     <Direction>Output</Direction>
     <Role>byteenable</Role>
     <Width>2</Width>
    </SOPCPort>
    <SOPCPort>
     <C>265</C>
     <Direction>Output</Direction>
     <Role>write</Role>
     <Width>1</Width>
    </SOPCPort>
    <SOPCPort>
     <C>266</C>
     <Direction>Output</Direction>
     <Role>writedata</Role>
     <Width>16</Width>
    </SOPCPort>
    <SOPCPort>
     <C>267</C>
     <Direction>Output</Direction>
     <Role>burstcount</Role>
     <Width>8</Width>
    </SOPCPort>
   </SOPCInterface>
  </SOPCModule>
  <SystemID>237035663</SystemID>
 </SOPCSystem>
 <SchemaVersion>schema_2013-01-18</SchemaVersion>
</ProgramExecution>
